produit_id,details_id,commande_id,quantite,prix_unitaire,prix_total,nom_produit,marque,categorie,produit_prix_unitaire,stock,date_ajout
4,8,78,1,299.99,299.99,Casual Cargo Pants,StreetFits,Bottoms,299,99,205
14,40,100,6,39.99,239.94,Elegant Silk Scarf,SilkenStyle,Accessories,39,99,2
30,87,7,6,6.29,37.74,Leather Chelsea Boots,BootsForAll,Footwear,6,29,90
16,48,25,6,79.99,479.94,Maxi Evening Gown,GlamourNights,Dresses,79,99,476
1,2,15,4,39.99,159.96,Vintage Denim Jacket,RetroWear,Outerwear,39,99,49
16,46,79,3,79.99,239.97,Maxi Evening Gown,GlamourNights,Dresses,79,99,476
5,13,57,9,14.99,134.91,Casual Cargo Pants,StreetFits,Bottoms,14,99,202
32,98,76,2,1.69,3.38,Embossed Leather Belt,BeltsOfHonor,Accessories,1,69,438
24,68,68,9,19.99,179.91,Floral Summer Dress,SunshineFashions,Dresses,19,99,127
19,52,32,2,24.99,49.98,Floral Summer Dress,SunshineFashions,Dresses,24,99,123
4,7,74,1,299.99,299.99,Casual Cargo Pants,StreetFits,Bottoms,299,99,205
5,10,89,1,14.99,14.99,Casual Cargo Pants,StreetFits,Bottoms,14,99,202
26,78,29,7,89.99,629.93,Maxi Evening Gown,GlamourNights,Dresses,89,99,487
25,72,71,7,89.99,629.93,Floral Summer Dress,SunshineFashions,Dresses,89,99,114
12,34,39,6,1.29,7.74,Athletic Running Shoes,FastTrack,Footwear,1,29,243
21,61,41,1,5.49,5.49,Casual Cargo Pants,StreetFits,Bottoms,5,49,204
16,47,57,3,79.99,239.97,Maxi Evening Gown,GlamourNights,Dresses,79,99,476
6,15,16,3,22.99,68.97,Floral Summer Dress,SunshineFashions,Dresses,22,99,126
21,60,97,2,5.49,10.98,Casual Cargo Pants,StreetFits,Bottoms,5,49,204
26,76,34,9,89.99,809.91,Maxi Evening Gown,GlamourNights,Dresses,89,99,487
12,35,88,6,1.29,7.74,Athletic Running Shoes,FastTrack,Footwear,1,29,243
12,33,13,1,1.29,1.29,Athletic Running Shoes,FastTrack,Footwear,1,29,243
31,90,35,1,8.99,8.99,Patterned Silk Tie,TiedElegance,Accessories,8,99,321
4,5,77,1,299.99,299.99,Casual Cargo Pants,StreetFits,Bottoms,299,99,205
32,96,61,1,1.69,1.69,Embossed Leather Belt,BeltsOfHonor,Accessories,1,69,438
8,24,70,7,4.99,34.93,Embossed Leather Belt,BeltsOfHonor,Accessories,4,99,433
2,3,20,5,18.99,94.95,Leather Chelsea Boots,BootsForAll,Footwear,18,99,90
23,66,90,8,12.99,103.92,Patterned Silk Tie,TiedElegance,Accessories,12,99,328
18,51,32,3,3.99,11.97,Maxi Evening Gown,GlamourNights,Dresses,3,99,471
31,93,28,8,8.99,71.92,Patterned Silk Tie,TiedElegance,Accessories,8,99,321
25,70,26,8,89.99,719.92,Floral Summer Dress,SunshineFashions,Dresses,89,99,114
28,82,11,6,19.99,119.94,Ribbed Knit Sweater,CozyKnits,Tops,19,99,426
5,12,31,6,14.99,89.94,Casual Cargo Pants,StreetFits,Bottoms,14,99,202
8,25,93,3,4.99,14.97,Embossed Leather Belt,BeltsOfHonor,Accessories,4,99,433
14,39,63,2,39.99,79.98,Elegant Silk Scarf,SilkenStyle,Accessories,39,99,2
32,97,30,1,1.69,1.69,Embossed Leather Belt,BeltsOfHonor,Accessories,1,69,438
30,88,9,1,6.29,6.29,Leather Chelsea Boots,BootsForAll,Footwear,6,29,90
15,45,7,4,39.99,159.96,Vintage Denim Jacket,RetroWear,Outerwear,39,99,34
26,75,96,6,89.99,539.94,Maxi Evening Gown,GlamourNights,Dresses,89,99,487
31,92,94,7,8.99,62.93,Patterned Silk Tie,TiedElegance,Accessories,8,99,321
25,71,89,8,89.99,719.92,Floral Summer Dress,SunshineFashions,Dresses,89,99,114
22,62,24,10,5.99,59.9,Ribbed Knit Sweater,CozyKnits,Tops,5,99,408
23,64,77,6,12.99,77.94,Patterned Silk Tie,TiedElegance,Accessories,12,99,328
33,100,30,9,4.49,40.41,Water-Resistant Watch,TimeKeepers,Accessories,4,49,275
6,17,63,3,22.99,68.97,Floral Summer Dress,SunshineFashions,Dresses,22,99,126
13,38,67,6,99.99,599.94,Casual Cargo Pants,StreetFits,Bottoms,99,99,223
9,26,92,1,29.99,29.99,Leather Chelsea Boots,BootsForAll,Footwear,29,99,76
32,99,47,6,1.69,10.14,Embossed Leather Belt,BeltsOfHonor,Accessories,1,69,438
5,11,10,3,14.99,44.97,Casual Cargo Pants,StreetFits,Bottoms,14,99,202
25,73,5,4,89.99,359.96,Floral Summer Dress,SunshineFashions,Dresses,89,99,114
7,19,45,2,59.99,119.98,Casual Cargo Pants,StreetFits,Bottoms,59,99,230
11,31,72,1,39.99,39.99,Elegant Silk Scarf,SilkenStyle,Accessories,39,99,4
17,49,33,8,2.99,23.92,Water-Resistant Watch,TimeKeepers,Accessories,2,99,285
23,65,59,1,12.99,12.99,Patterned Silk Tie,TiedElegance,Accessories,12,99,328
19,53,30,4,24.99,99.96,Floral Summer Dress,SunshineFashions,Dresses,24,99,123
32,95,75,3,1.69,5.07,Embossed Leather Belt,BeltsOfHonor,Accessories,1,69,438
10,27,51,3,2.99,8.97,Athletic Running Shoes,FastTrack,Footwear,2,99,243
7,22,95,4,59.99,239.96,Casual Cargo Pants,StreetFits,Bottoms,59,99,230
20,58,14,9,49.99,449.91,Feather Down Parka,WinterHaven,Outerwear,49,99,335
1,1,37,9,39.99,359.91,Vintage Denim Jacket,RetroWear,Outerwear,39,99,49
4,6,3,5,299.99,1499.95,Casual Cargo Pants,StreetFits,Bottoms,299,99,205
11,30,51,6,39.99,239.94,Elegant Silk Scarf,SilkenStyle,Accessories,39,99,4
6,14,33,7,22.99,160.93,Floral Summer Dress,SunshineFashions,Dresses,22,99,126
11,32,13,4,39.99,159.96,Elegant Silk Scarf,SilkenStyle,Accessories,39,99,4
3,4,100,8,29.99,239.92,Casual Cargo Pants,StreetFits,Bottoms,29,99,223
19,54,26,3,24.99,74.97,Floral Summer Dress,SunshineFashions,Dresses,24,99,123
31,91,53,6,8.99,53.94,Patterned Silk Tie,TiedElegance,Accessories,8,99,321
20,59,95,9,49.99,449.91,Feather Down Parka,WinterHaven,Outerwear,49,99,335
30,86,94,2,6.29,12.58,Leather Chelsea Boots,BootsForAll,Footwear,6,29,90
18,50,34,8,3.99,31.92,Maxi Evening Gown,GlamourNights,Dresses,3,99,471
28,80,32,5,19.99,99.95,Ribbed Knit Sweater,CozyKnits,Tops,19,99,426
7,23,4,9,59.99,539.91,Casual Cargo Pants,StreetFits,Bottoms,59,99,230
7,21,91,8,59.99,479.92,Casual Cargo Pants,StreetFits,Bottoms,59,99,230
26,77,73,4,89.99,359.96,Maxi Evening Gown,GlamourNights,Dresses,89,99,487
15,41,40,1,39.99,39.99,Vintage Denim Jacket,RetroWear,Outerwear,39,99,34
6,18,10,8,22.99,183.92,Floral Summer Dress,SunshineFashions,Dresses,22,99,126
30,85,27,2,6.29,12.58,Leather Chelsea Boots,BootsForAll,Footwear,6,29,90
15,44,35,4,39.99,159.96,Vintage Denim Jacket,RetroWear,Outerwear,39,99,34
13,37,46,1,99.99,99.99,Casual Cargo Pants,StreetFits,Bottoms,99,99,223
23,67,64,1,12.99,12.99,Patterned Silk Tie,TiedElegance,Accessories,12,99,328
31,94,69,1,8.99,8.99,Patterned Silk Tie,TiedElegance,Accessories,8,99,321
24,69,23,8,19.99,159.92,Floral Summer Dress,SunshineFashions,Dresses,19,99,127
19,55,15,6,24.99,149.94,Floral Summer Dress,SunshineFashions,Dresses,24,99,123
28,81,46,1,19.99,19.99,Ribbed Knit Sweater,CozyKnits,Tops,19,99,426
7,20,39,1,59.99,59.99,Casual Cargo Pants,StreetFits,Bottoms,59,99,230
11,29,2,7,39.99,279.93,Elegant Silk Scarf,SilkenStyle,Accessories,39,99,4
4,9,34,1,299.99,299.99,Casual Cargo Pants,StreetFits,Bottoms,299,99,205
15,42,37,3,39.99,119.97,Vintage Denim Jacket,RetroWear,Outerwear,39,99,34
19,56,24,9,24.99,224.91,Floral Summer Dress,SunshineFashions,Dresses,24,99,123
30,89,21,5,6.29,31.45,Leather Chelsea Boots,BootsForAll,Footwear,6,29,90
20,57,85,9,49.99,449.91,Feather Down Parka,WinterHaven,Outerwear,49,99,335
10,28,13,8,2.99,23.92,Athletic Running Shoes,FastTrack,Footwear,2,99,243
23,63,78,1,12.99,12.99,Patterned Silk Tie,TiedElegance,Accessories,12,99,328
2,43,37,1,18.99,18.99,Leather Chelsea Boots,BootsForAll,Footwear,18,99,90
6,16,94,2,22.99,45.98,Floral Summer Dress,SunshineFashions,Dresses,22,99,126
12,36,62,6,1.29,7.74,Athletic Running Shoes,FastTrack,Footwear,1,29,243
29,83,68,1,22.99,22.99,Woolen Beanie Hat,WarmHeads,Headwear,22,99,176
27,79,66,1,6.49,6.49,Woolen Beanie Hat,WarmHeads,Headwear,6,49,169
29,84,33,7,22.99,160.93,Woolen Beanie Hat,WarmHeads,Headwear,22,99,176
