produit_id,nom_produit,marque,categorie,produit_prix_unitaire,stock,date_ajout
30,Leather Chelsea Boots,BootsForAll,Footwear,6,29,90
58,Linen Summer Shorts,BreezyAttire,Bottoms,79,99,246
46,Woolen Beanie Hat,WarmHeads,Headwear,39,99,173
18,Maxi Evening Gown,GlamourNights,Dresses,3,99,471
78,Ribbed Knit Sweater,CozyKnits,Tops,3,99,300
10,Athletic Running Shoes,FastTrack,Footwear,2,99,243
16,Maxi Evening Gown,GlamourNights,Dresses,79,99,476
20,Feather Down Parka,WinterHaven,Outerwear,49,99,335
82,Linen Summer Shorts,BreezyAttire,Bottoms,199,99,165
74,Maxi Evening Gown,GlamourNights,Dresses,24,99,446
14,Elegant Silk Scarf,SilkenStyle,Accessories,39,99,2
76,Patterned Silk Tie,TiedElegance,Accessories,1,89,475
19,Floral Summer Dress,SunshineFashions,Dresses,24,99,123
50,Woolen Beanie Hat,WarmHeads,Headwear,24,99,188
86,Classic White Shirt,FormalWearCollection,Tops,3,99,488
95,Floral Summer Dress,SunshineFashions,Dresses,2,49,161
22,Ribbed Knit Sweater,CozyKnits,Tops,5,99,408
9,Leather Chelsea Boots,BootsForAll,Footwear,29,99,76
43,Athletic Running Shoes,FastTrack,Footwear,4,99,261
3,Casual Cargo Pants,StreetFits,Bottoms,29,99,223
98,Elegant Silk Scarf,SilkenStyle,Accessories,24,99,483
72,Embossed Leather Belt,BeltsOfHonor,Accessories,6,49,440
87,Maxi Evening Gown,GlamourNights,Dresses,19,99,58
28,Ribbed Knit Sweater,CozyKnits,Tops,19,99,426
24,Floral Summer Dress,SunshineFashions,Dresses,19,99,127
96,Vintage Denim Jacket,RetroWear,Outerwear,69,99,298
33,Water-Resistant Watch,TimeKeepers,Accessories,4,49,275
37,Floral Summer Dress,SunshineFashions,Dresses,24,99,117
75,Embossed Leather Belt,BeltsOfHonor,Accessories,4,29,122
77,Classic White Shirt,FormalWearCollection,Tops,79,99,441
73,Floral Summer Dress,SunshineFashions,Dresses,3,99,331
57,Athletic Running Shoes,FastTrack,Footwear,99,99,310
34,Embossed Leather Belt,BeltsOfHonor,Accessories,5,99,438
62,Maxi Evening Gown,GlamourNights,Dresses,29,99,8
54,Floral Summer Dress,SunshineFashions,Dresses,3,49,125
35,Athletic Running Shoes,FastTrack,Footwear,69,99,259
26,Maxi Evening Gown,GlamourNights,Dresses,89,99,487
29,Woolen Beanie Hat,WarmHeads,Headwear,22,99,176
83,Maxi Evening Gown,GlamourNights,Dresses,39,99,244
61,Elegant Silk Scarf,SilkenStyle,Accessories,10,99,72
53,Maxi Evening Gown,GlamourNights,Dresses,3,49,484
99,Floral Summer Dress,SunshineFashions,Dresses,3,49,114
2,Leather Chelsea Boots,BootsForAll,Footwear,18,99,90
66,Leather Chelsea Boots,BootsForAll,Footwear,34,99,271
67,Linen Summer Shorts,BreezyAttire,Bottoms,3,99,70
38,Vintage Denim Jacket,RetroWear,Outerwear,3,29,38
55,Feather Down Parka,WinterHaven,Outerwear,29,99,359
63,Patterned Silk Tie,TiedElegance,Accessories,4,29,489
94,Maxi Evening Gown,GlamourNights,Dresses,27,99,368
79,Embossed Leather Belt,BeltsOfHonor,Accessories,6,29,138
89,Casual Cargo Pants,StreetFits,Bottoms,12,99,144
1,Vintage Denim Jacket,RetroWear,Outerwear,39,99,49
51,Vintage Denim Jacket,RetroWear,Outerwear,3,69,50
59,Casual Cargo Pants,StreetFits,Bottoms,4,99,389
21,Casual Cargo Pants,StreetFits,Bottoms,5,49,204
69,Maxi Evening Gown,GlamourNights,Dresses,4,99,259
85,Casual Cargo Pants,StreetFits,Bottoms,24,99,379
15,Vintage Denim Jacket,RetroWear,Outerwear,39,99,34
39,Ribbed Knit Sweater,CozyKnits,Tops,4,49,407
12,Athletic Running Shoes,FastTrack,Footwear,1,29,243
27,Woolen Beanie Hat,WarmHeads,Headwear,6,49,169
60,Leather Chelsea Boots,BootsForAll,Footwear,24,99,229
6,Floral Summer Dress,SunshineFashions,Dresses,22,99,126
65,Water-Resistant Watch,TimeKeepers,Accessories,2,99,224
88,Embossed Leather Belt,BeltsOfHonor,Accessories,39,99,210
92,Classic White Shirt,FormalWearCollection,Tops,249,99,202
17,Water-Resistant Watch,TimeKeepers,Accessories,2,99,285
23,Patterned Silk Tie,TiedElegance,Accessories,12,99,328
45,Ribbed Knit Sweater,CozyKnits,Tops,5,49,428
64,Casual Cargo Pants,StreetFits,Bottoms,4,29,321
93,Embossed Leather Belt,BeltsOfHonor,Accessories,10,99,488
8,Embossed Leather Belt,BeltsOfHonor,Accessories,4,99,433
84,Vintage Denim Jacket,RetroWear,Outerwear,39,99,392
41,Floral Summer Dress,SunshineFashions,Dresses,39,99,123
100,Water-Resistant Watch,TimeKeepers,Accessories,29,99,58
68,Athletic Running Shoes,FastTrack,Footwear,3,29,389
40,Maxi Evening Gown,GlamourNights,Dresses,19,99,471
36,Maxi Evening Gown,GlamourNights,Dresses,12,99,482
97,Woolen Beanie Hat,WarmHeads,Headwear,1,99,460
25,Floral Summer Dress,SunshineFashions,Dresses,89,99,114
70,Casual Cargo Pants,StreetFits,Bottoms,19,99,470
32,Embossed Leather Belt,BeltsOfHonor,Accessories,1,69,438
13,Casual Cargo Pants,StreetFits,Bottoms,99,99,223
44,Embossed Leather Belt,BeltsOfHonor,Accessories,39,99,452
48,Athletic Running Shoes,FastTrack,Footwear,39,99,249
11,Elegant Silk Scarf,SilkenStyle,Accessories,39,99,4
90,Maxi Evening Gown,GlamourNights,Dresses,3,59,475
80,Athletic Running Shoes,FastTrack,Footwear,2,99,413
71,Embossed Leather Belt,BeltsOfHonor,Accessories,24,99,203
5,Casual Cargo Pants,StreetFits,Bottoms,14,99,202
81,Linen Summer Shorts,BreezyAttire,Bottoms,64,99,434
42,Leather Chelsea Boots,BootsForAll,Footwear,3,49,76
4,Casual Cargo Pants,StreetFits,Bottoms,299,99,205
49,Casual Cargo Pants,StreetFits,Bottoms,35,99,211
31,Patterned Silk Tie,TiedElegance,Accessories,8,99,321
56,Patterned Silk Tie,TiedElegance,Accessories,39,99,399
47,Casual Cargo Pants,StreetFits,Bottoms,14,99,222
91,Linen Summer Shorts,BreezyAttire,Bottoms,199,99,435
7,Casual Cargo Pants,StreetFits,Bottoms,59,99,230
52,Maxi Evening Gown,GlamourNights,Dresses,7,99,485
