[
  {
    "ad_id": "ad_10",
    "user_id": "user_50",
    "click": true,
    "impression": true,
    "timestamp": "2024-11-17T12:59:04.277257",
    "ad_platform": "Google Ads",
    "product_category": "V\u00eatements"
  },
  {
    "ad_id": "ad_4",
    "user_id": "user_4",
    "click": false,
    "impression": true,
    "timestamp": "2024-11-17T12:59:04.704202",
    "ad_platform": "Instagram",
    "product_category": "Sacs"
  },
  {
    "ad_id": "ad_14",
    "user_id": "user_2",
    "click": true,
    "impression": true,
    "timestamp": "2024-11-17T12:59:05.522039",
    "ad_platform": "Facebook",
    "product_category": "Sacs"
  },
  {
    "ad_id": "ad_17",
    "user_id": "user_7",
    "click": true,
    "impression": true,
    "timestamp": "2024-11-17T12:59:06.468130",
    "ad_platform": "Facebook",
    "product_category": "Accessoires"
  },
  {
    "ad_id": "ad_4",
    "user_id": "user_41",
    "click": false,
    "impression": true,
    "timestamp": "2024-11-17T12:59:07.168248",
    "ad_platform": "Instagram",
    "product_category": "Accessoires"
  },
  {
    "ad_id": "ad_1",
    "user_id": "user_98",
    "click": false,
    "impression": true,
    "timestamp": "2024-11-17T12:59:08.134223",
    "ad_platform": "Facebook",
    "product_category": "Chaussures"
  },
  {
    "ad_id": "ad_17",
    "user_id": "user_40",
    "click": true,
    "impression": true,
    "timestamp": "2024-11-17T12:59:08.544779",
    "ad_platform": "Google Ads",
    "product_category": "Chaussures"
  },
  {
    "ad_id": "ad_12",
    "user_id": "user_92",
    "click": true,
    "impression": true,
    "timestamp": "2024-11-17T12:59:08.934579",
    "ad_platform": "Facebook",
    "product_category": "Accessoires"
  },
  {
    "ad_id": "ad_17",
    "user_id": "user_62",
    "click": true,
    "impression": true,
    "timestamp": "2024-11-17T12:59:09.224387",
    "ad_platform": "Instagram",
    "product_category": "Sacs"
  },
  {
    "ad_id": "ad_9",
    "user_id": "user_21",
    "click": true,
    "impression": true,
    "timestamp": "2024-11-17T12:59:09.445053",
    "ad_platform": "Google Ads",
    "product_category": "Sacs"
  },
  {
    "ad_id": "ad_7",
    "user_id": "user_28",
    "click": false,
    "impression": true,
    "timestamp": "2024-11-17T12:59:10.423205",
    "ad_platform": "Facebook",
    "product_category": "Chaussures"
  },
  {
    "ad_id": "ad_1",
    "user_id": "user_81",
    "click": true,
    "impression": true,
    "timestamp": "2024-11-17T12:59:10.539717",
    "ad_platform": "Facebook",
    "product_category": "V\u00eatements"
  },
  {
    "ad_id": "ad_16",
    "user_id": "user_83",
    "click": true,
    "impression": true,
    "timestamp": "2024-11-17T12:59:10.878176",
    "ad_platform": "Instagram",
    "product_category": "V\u00eatements"
  },
  {
    "ad_id": "ad_4",
    "user_id": "user_42",
    "click": true,
    "impression": true,
    "timestamp": "2024-11-17T12:59:10.990971",
    "ad_platform": "Instagram",
    "product_category": "Accessoires"
  },
  {
    "ad_id": "ad_2",
    "user_id": "user_36",
    "click": true,
    "impression": true,
    "timestamp": "2024-11-17T12:59:11.406068",
    "ad_platform": "Instagram",
    "product_category": "V\u00eatements"
  },
  {
    "ad_id": "ad_18",
    "user_id": "user_12",
    "click": false,
    "impression": true,
    "timestamp": "2024-11-17T12:59:12.055646",
    "ad_platform": "Instagram",
    "product_category": "Sacs"
  },
  {
    "ad_id": "ad_19",
    "user_id": "user_98",
    "click": true,
    "impression": true,
    "timestamp": "2024-11-17T12:59:12.708213",
    "ad_platform": "Facebook",
    "product_category": "V\u00eatements"
  },
  {
    "ad_id": "ad_6",
    "user_id": "user_37",
    "click": false,
    "impression": true,
    "timestamp": "2024-11-17T12:59:13.472028",
    "ad_platform": "Google Ads",
    "product_category": "V\u00eatements"
  },
  {
    "ad_id": "ad_19",
    "user_id": "user_10",
    "click": false,
    "impression": true,
    "timestamp": "2024-11-17T12:59:13.807717",
    "ad_platform": "Facebook",
    "product_category": "Accessoires"
  },
  {
    "ad_id": "ad_8",
    "user_id": "user_15",
    "click": true,
    "impression": true,
    "timestamp": "2024-11-17T12:59:14.114152",
    "ad_platform": "Instagram",
    "product_category": "V\u00eatements"
  },
  {
    "ad_id": "ad_11",
    "user_id": "user_70",
    "click": false,
    "impression": true,
    "timestamp": "2024-11-17T12:59:15.048955",
    "ad_platform": "Facebook",
    "product_category": "Accessoires"
  },
  {
    "ad_id": "ad_17",
    "user_id": "user_63",
    "click": false,
    "impression": true,
    "timestamp": "2024-11-17T12:59:15.997160",
    "ad_platform": "Facebook",
    "product_category": "Accessoires"
  },
  {
    "ad_id": "ad_1",
    "user_id": "user_85",
    "click": true,
    "impression": true,
    "timestamp": "2024-11-17T12:59:16.462212",
    "ad_platform": "Facebook",
    "product_category": "V\u00eatements"
  },
  {
    "ad_id": "ad_17",
    "user_id": "user_81",
    "click": false,
    "impression": true,
    "timestamp": "2024-11-17T12:59:17.401789",
    "ad_platform": "Instagram",
    "product_category": "V\u00eatements"
  },
  {
    "ad_id": "ad_7",
    "user_id": "user_15",
    "click": false,
    "impression": true,
    "timestamp": "2024-11-17T12:59:17.582410",
    "ad_platform": "Instagram",
    "product_category": "V\u00eatements"
  },
  {
    "ad_id": "ad_11",
    "user_id": "user_7",
    "click": false,
    "impression": true,
    "timestamp": "2024-11-17T12:59:18.462515",
    "ad_platform": "Google Ads",
    "product_category": "Sacs"
  },
  {
    "ad_id": "ad_17",
    "user_id": "user_46",
    "click": true,
    "impression": true,
    "timestamp": "2024-11-17T12:59:19.026145",
    "ad_platform": "Instagram",
    "product_category": "Chaussures"
  },
  {
    "ad_id": "ad_18",
    "user_id": "user_27",
    "click": false,
    "impression": true,
    "timestamp": "2024-11-17T12:59:19.490532",
    "ad_platform": "Facebook",
    "product_category": "V\u00eatements"
  },
  {
    "ad_id": "ad_3",
    "user_id": "user_76",
    "click": false,
    "impression": true,
    "timestamp": "2024-11-17T12:59:20.336646",
    "ad_platform": "Instagram",
    "product_category": "V\u00eatements"
  },
  {
    "ad_id": "ad_12",
    "user_id": "user_87",
    "click": true,
    "impression": true,
    "timestamp": "2024-11-17T12:59:20.902876",
    "ad_platform": "Facebook",
    "product_category": "Chaussures"
  },
  {
    "ad_id": "ad_3",
    "user_id": "user_81",
    "click": false,
    "impression": true,
    "timestamp": "2024-11-17T12:59:21.133773",
    "ad_platform": "Google Ads",
    "product_category": "Chaussures"
  },
  {
    "ad_id": "ad_17",
    "user_id": "user_31",
    "click": true,
    "impression": true,
    "timestamp": "2024-11-17T12:59:21.568538",
    "ad_platform": "Instagram",
    "product_category": "V\u00eatements"
  },
  {
    "ad_id": "ad_15",
    "user_id": "user_9",
    "click": true,
    "impression": true,
    "timestamp": "2024-11-17T12:59:21.781773",
    "ad_platform": "Facebook",
    "product_category": "Sacs"
  },
  {
    "ad_id": "ad_16",
    "user_id": "user_1",
    "click": true,
    "impression": true,
    "timestamp": "2024-11-17T12:59:22.284629",
    "ad_platform": "Facebook",
    "product_category": "V\u00eatements"
  },
  {
    "ad_id": "ad_19",
    "user_id": "user_94",
    "click": true,
    "impression": true,
    "timestamp": "2024-11-17T12:59:23.125086",
    "ad_platform": "Instagram",
    "product_category": "Chaussures"
  },
  {
    "ad_id": "ad_10",
    "user_id": "user_67",
    "click": true,
    "impression": true,
    "timestamp": "2024-11-17T12:59:23.591099",
    "ad_platform": "Instagram",
    "product_category": "V\u00eatements"
  },
  {
    "ad_id": "ad_6",
    "user_id": "user_85",
    "click": false,
    "impression": true,
    "timestamp": "2024-11-17T12:59:23.868100",
    "ad_platform": "Facebook",
    "product_category": "Chaussures"
  },
  {
    "ad_id": "ad_14",
    "user_id": "user_43",
    "click": true,
    "impression": true,
    "timestamp": "2024-11-17T12:59:24.476212",
    "ad_platform": "Instagram",
    "product_category": "V\u00eatements"
  },
  {
    "ad_id": "ad_5",
    "user_id": "user_12",
    "click": true,
    "impression": true,
    "timestamp": "2024-11-17T12:59:25.438999",
    "ad_platform": "Instagram",
    "product_category": "Accessoires"
  },
  {
    "ad_id": "ad_1",
    "user_id": "user_33",
    "click": true,
    "impression": true,
    "timestamp": "2024-11-17T12:59:25.812279",
    "ad_platform": "Google Ads",
    "product_category": "Sacs"
  },
  {
    "ad_id": "ad_10",
    "user_id": "user_39",
    "click": true,
    "impression": true,
    "timestamp": "2024-11-17T12:59:26.117729",
    "ad_platform": "Google Ads",
    "product_category": "Sacs"
  },
  {
    "ad_id": "ad_12",
    "user_id": "user_86",
    "click": false,
    "impression": true,
    "timestamp": "2024-11-17T12:59:26.242305",
    "ad_platform": "Google Ads",
    "product_category": "V\u00eatements"
  },
  {
    "ad_id": "ad_7",
    "user_id": "user_4",
    "click": true,
    "impression": true,
    "timestamp": "2024-11-17T12:59:27.175509",
    "ad_platform": "Facebook",
    "product_category": "V\u00eatements"
  },
  {
    "ad_id": "ad_14",
    "user_id": "user_37",
    "click": true,
    "impression": true,
    "timestamp": "2024-11-17T12:59:27.371418",
    "ad_platform": "Instagram",
    "product_category": "Chaussures"
  },
  {
    "ad_id": "ad_14",
    "user_id": "user_50",
    "click": true,
    "impression": true,
    "timestamp": "2024-11-17T12:59:28.327847",
    "ad_platform": "Instagram",
    "product_category": "V\u00eatements"
  },
  {
    "ad_id": "ad_7",
    "user_id": "user_12",
    "click": true,
    "impression": true,
    "timestamp": "2024-11-17T12:59:28.809710",
    "ad_platform": "Google Ads",
    "product_category": "Sacs"
  },
  {
    "ad_id": "ad_7",
    "user_id": "user_58",
    "click": false,
    "impression": true,
    "timestamp": "2024-11-17T12:59:29.508564",
    "ad_platform": "Instagram",
    "product_category": "Accessoires"
  },
  {
    "ad_id": "ad_10",
    "user_id": "user_6",
    "click": true,
    "impression": true,
    "timestamp": "2024-11-17T12:59:29.969209",
    "ad_platform": "Facebook",
    "product_category": "V\u00eatements"
  },
  {
    "ad_id": "ad_12",
    "user_id": "user_15",
    "click": true,
    "impression": true,
    "timestamp": "2024-11-17T12:59:30.834370",
    "ad_platform": "Facebook",
    "product_category": "Chaussures"
  },
  {
    "ad_id": "ad_13",
    "user_id": "user_51",
    "click": false,
    "impression": true,
    "timestamp": "2024-11-17T12:59:31.167133",
    "ad_platform": "Facebook",
    "product_category": "V\u00eatements"
  },
  {
    "ad_id": "ad_15",
    "user_id": "user_93",
    "click": true,
    "impression": true,
    "timestamp": "2024-11-17T12:59:31.785853",
    "ad_platform": "Google Ads",
    "product_category": "Sacs"
  },
  {
    "ad_id": "ad_8",
    "user_id": "user_32",
    "click": false,
    "impression": true,
    "timestamp": "2024-11-17T12:59:32.628583",
    "ad_platform": "Instagram",
    "product_category": "V\u00eatements"
  },
  {
    "ad_id": "ad_14",
    "user_id": "user_35",
    "click": false,
    "impression": true,
    "timestamp": "2024-11-17T12:59:33.279993",
    "ad_platform": "Google Ads",
    "product_category": "Accessoires"
  },
  {
    "ad_id": "ad_18",
    "user_id": "user_14",
    "click": true,
    "impression": true,
    "timestamp": "2024-11-17T12:59:34.139092",
    "ad_platform": "Facebook",
    "product_category": "Sacs"
  },
  {
    "ad_id": "ad_1",
    "user_id": "user_3",
    "click": false,
    "impression": true,
    "timestamp": "2024-11-17T12:59:34.808835",
    "ad_platform": "Google Ads",
    "product_category": "Sacs"
  },
  {
    "ad_id": "ad_7",
    "user_id": "user_60",
    "click": true,
    "impression": true,
    "timestamp": "2024-11-17T12:59:35.241590",
    "ad_platform": "Facebook",
    "product_category": "Chaussures"
  },
  {
    "ad_id": "ad_16",
    "user_id": "user_14",
    "click": true,
    "impression": true,
    "timestamp": "2024-11-17T12:59:35.565367",
    "ad_platform": "Google Ads",
    "product_category": "V\u00eatements"
  },
  {
    "ad_id": "ad_10",
    "user_id": "user_58",
    "click": false,
    "impression": true,
    "timestamp": "2024-11-17T12:59:36.233478",
    "ad_platform": "Instagram",
    "product_category": "Chaussures"
  },
  {
    "ad_id": "ad_11",
    "user_id": "user_56",
    "click": true,
    "impression": true,
    "timestamp": "2024-11-17T12:59:36.666165",
    "ad_platform": "Instagram",
    "product_category": "V\u00eatements"
  },
  {
    "ad_id": "ad_4",
    "user_id": "user_77",
    "click": true,
    "impression": true,
    "timestamp": "2024-11-17T12:59:37.452247",
    "ad_platform": "Facebook",
    "product_category": "V\u00eatements"
  },
  {
    "ad_id": "ad_19",
    "user_id": "user_28",
    "click": false,
    "impression": true,
    "timestamp": "2024-11-17T12:59:37.855424",
    "ad_platform": "Instagram",
    "product_category": "Sacs"
  },
  {
    "ad_id": "ad_12",
    "user_id": "user_56",
    "click": false,
    "impression": true,
    "timestamp": "2024-11-17T12:59:38.094697",
    "ad_platform": "Google Ads",
    "product_category": "Chaussures"
  },
  {
    "ad_id": "ad_12",
    "user_id": "user_34",
    "click": false,
    "impression": true,
    "timestamp": "2024-11-17T12:59:38.888215",
    "ad_platform": "Instagram",
    "product_category": "Accessoires"
  },
  {
    "ad_id": "ad_7",
    "user_id": "user_65",
    "click": true,
    "impression": true,
    "timestamp": "2024-11-17T12:59:39.005689",
    "ad_platform": "Instagram",
    "product_category": "V\u00eatements"
  },
  {
    "ad_id": "ad_18",
    "user_id": "user_76",
    "click": true,
    "impression": true,
    "timestamp": "2024-11-17T12:59:39.257574",
    "ad_platform": "Facebook",
    "product_category": "V\u00eatements"
  },
  {
    "ad_id": "ad_17",
    "user_id": "user_96",
    "click": false,
    "impression": true,
    "timestamp": "2024-11-17T12:59:40.223046",
    "ad_platform": "Facebook",
    "product_category": "Sacs"
  },
  {
    "ad_id": "ad_2",
    "user_id": "user_13",
    "click": true,
    "impression": true,
    "timestamp": "2024-11-17T12:59:40.740400",
    "ad_platform": "Instagram",
    "product_category": "Sacs"
  },
  {
    "ad_id": "ad_13",
    "user_id": "user_20",
    "click": true,
    "impression": true,
    "timestamp": "2024-11-17T12:59:41.705620",
    "ad_platform": "Facebook",
    "product_category": "V\u00eatements"
  },
  {
    "ad_id": "ad_15",
    "user_id": "user_55",
    "click": true,
    "impression": true,
    "timestamp": "2024-11-17T12:59:42.419446",
    "ad_platform": "Google Ads",
    "product_category": "Accessoires"
  },
  {
    "ad_id": "ad_11",
    "user_id": "user_96",
    "click": true,
    "impression": true,
    "timestamp": "2024-11-17T12:59:43.052550",
    "ad_platform": "Instagram",
    "product_category": "Accessoires"
  },
  {
    "ad_id": "ad_18",
    "user_id": "user_43",
    "click": false,
    "impression": true,
    "timestamp": "2024-11-17T12:59:43.703057",
    "ad_platform": "Facebook",
    "product_category": "V\u00eatements"
  },
  {
    "ad_id": "ad_19",
    "user_id": "user_41",
    "click": false,
    "impression": true,
    "timestamp": "2024-11-17T12:59:44.690694",
    "ad_platform": "Google Ads",
    "product_category": "Sacs"
  },
  {
    "ad_id": "ad_18",
    "user_id": "user_91",
    "click": false,
    "impression": true,
    "timestamp": "2024-11-17T12:59:45.123423",
    "ad_platform": "Google Ads",
    "product_category": "Accessoires"
  },
  {
    "ad_id": "ad_7",
    "user_id": "user_65",
    "click": false,
    "impression": true,
    "timestamp": "2024-11-17T12:59:45.594432",
    "ad_platform": "Facebook",
    "product_category": "Accessoires"
  },
  {
    "ad_id": "ad_13",
    "user_id": "user_93",
    "click": false,
    "impression": true,
    "timestamp": "2024-11-17T12:59:45.663349",
    "ad_platform": "Facebook",
    "product_category": "V\u00eatements"
  },
  {
    "ad_id": "ad_5",
    "user_id": "user_53",
    "click": true,
    "impression": true,
    "timestamp": "2024-11-17T12:59:46.475310",
    "ad_platform": "Google Ads",
    "product_category": "Sacs"
  },
  {
    "ad_id": "ad_7",
    "user_id": "user_45",
    "click": true,
    "impression": true,
    "timestamp": "2024-11-17T12:59:47.436257",
    "ad_platform": "Google Ads",
    "product_category": "V\u00eatements"
  },
  {
    "ad_id": "ad_16",
    "user_id": "user_4",
    "click": true,
    "impression": true,
    "timestamp": "2024-11-17T12:59:48.386745",
    "ad_platform": "Facebook",
    "product_category": "V\u00eatements"
  },
  {
    "ad_id": "ad_14",
    "user_id": "user_20",
    "click": false,
    "impression": true,
    "timestamp": "2024-11-17T12:59:48.600419",
    "ad_platform": "Instagram",
    "product_category": "Sacs"
  },
  {
    "ad_id": "ad_8",
    "user_id": "user_39",
    "click": false,
    "impression": true,
    "timestamp": "2024-11-17T12:59:49.184227",
    "ad_platform": "Instagram",
    "product_category": "Accessoires"
  },
  {
    "ad_id": "ad_13",
    "user_id": "user_72",
    "click": true,
    "impression": true,
    "timestamp": "2024-11-17T12:59:49.821734",
    "ad_platform": "Facebook",
    "product_category": "Sacs"
  },
  {
    "ad_id": "ad_15",
    "user_id": "user_33",
    "click": true,
    "impression": true,
    "timestamp": "2024-11-17T12:59:50.785685",
    "ad_platform": "Google Ads",
    "product_category": "Sacs"
  },
  {
    "ad_id": "ad_10",
    "user_id": "user_78",
    "click": true,
    "impression": true,
    "timestamp": "2024-11-17T12:59:51.571948",
    "ad_platform": "Google Ads",
    "product_category": "Sacs"
  },
  {
    "ad_id": "ad_3",
    "user_id": "user_96",
    "click": true,
    "impression": true,
    "timestamp": "2024-11-17T12:59:52.399489",
    "ad_platform": "Instagram",
    "product_category": "V\u00eatements"
  },
  {
    "ad_id": "ad_9",
    "user_id": "user_14",
    "click": true,
    "impression": true,
    "timestamp": "2024-11-17T12:59:53.338169",
    "ad_platform": "Instagram",
    "product_category": "Accessoires"
  },
  {
    "ad_id": "ad_10",
    "user_id": "user_89",
    "click": true,
    "impression": true,
    "timestamp": "2024-11-17T12:59:54.077967",
    "ad_platform": "Facebook",
    "product_category": "Accessoires"
  },
  {
    "ad_id": "ad_4",
    "user_id": "user_7",
    "click": false,
    "impression": true,
    "timestamp": "2024-11-17T12:59:54.855398",
    "ad_platform": "Google Ads",
    "product_category": "Accessoires"
  }
]