client_id,first_name,last_name,mail,adresse,code_postal,pays,telephone,date_creation
1,Tedd,Seawright,tedd.seawright@gmail.com,Mallory Hill Drive 8649,957 99,Sweden,460030810093,2024-06-08T00:02:16+00:00
2,Ola,De Robertis,ola.de robertis@gmail.com,Parlor Place 13337,307156,Russia,72340770001,2024-09-30T09:34:03+00:00
3,Margo,Coveley,margo.coveley@gmail.com,Beatrice Way 12291,,Afghanistan,936640450029,2024-09-04T20:38:32+00:00
4,Rawley,Yukhnov,rawley.yukhnov@gmail.com,Clara Court 51,3025-419,Portugal,3517050040073,2023-11-11T04:36:33+00:00
5,Elenore,Chalder,elenore.chalder@hotmail.com,Reidville Road 10572,,China,861210090019,2024-07-24T21:59:23+00:00
6,Margarete,McOwan,margarete.mcowan@yahoo.com,Gavanni Steet 4370,35620-000,Brazil,551590310032,2024-02-24T14:02:52+00:00
7,Tamar,McCawley,tamar.mccawley@hotmail.com,Kyrle Terrace 11552,85410,Finland,3586610150007,2024-02-03T20:07:37+00:00
8,Riley,Dabinett,riley.dabinett@gmail.com,Mistwood Lane 3520,,Peru,519160280060,2023-12-09T07:14:55+00:00
9,Lindi,Spendlove,lindi.spendlove@yahoo.com,Medira Drive 1203,,China,869870790010,2024-03-18T19:48:52+00:00
10,Mavra,Thwaite,mavra.thwaite@gmail.com,Rosella Place 5323,3700-871,Portugal,3511910210095,2024-04-23T18:08:45+00:00
11,Shermie,Whatmough,shermie.whatmough@yahoo.com,Brandenburg Court 6795,15006,Guatemala,5028600600085,2024-01-22T06:20:17+00:00
12,Mariette,Cuxon,mariette.cuxon@hotmail.com,Daughtry Court 9972,,Cameroon,2379060690020,2024-01-16T08:34:34+00:00
13,Krishna,Heatley,krishna.heatley@gmail.com,Altman Avenue 3005,34940 CEDEX 9,France,338450770017,2023-11-27T07:00:34+00:00
14,Hart,Sisselot,hart.sisselot@yahoo.com,Wickham Court 2763,,China,865600260077,2024-07-25T09:01:21+00:00
15,Vale,Stranaghan,vale.stranaghan@yahoo.com,Oak Meadows Lane 711,1630,Philippines,639010490047,2024-08-16T00:14:52+00:00
16,Edith,Paxforde,edith.paxforde@yahoo.com,Unger Court 10591,52220,Croatia,3850650430004,2024-04-09T02:07:33+00:00
17,Brina,Gwilym,brina.gwilym@hotmail.com,Friar Way 11477,,Indonesia,628420430030,2023-12-13T14:38:49+00:00
18,Ellen,Winspear,ellen.winspear@hotmail.com,Hurtt Street 6194,,Indonesia,629550590044,2024-11-08T11:45:18+00:00
19,Codee,Dundin,codee.dundin@comcast.net,Del Rio Drive 1380,,China,861460340097,2023-12-24T12:42:19+00:00
20,Price,Bourhill,price.bourhill@hotmail.com,Juniper Lane 14939,,Peru,515350320005,2024-01-10T15:51:50+00:00
21,Ferd,Rosendahl,ferd.rosendahl@yahoo.com,Patterson Loop 1827,,Indonesia,623930050041,2024-07-27T19:41:19+00:00
22,Ban,Minshaw,ban.minshaw@yahoo.com,Bucksport Avenue 5416,673416,Russia,75810400051,2024-03-03T14:55:49+00:00
23,Gary,Grigorkin,gary.grigorkin@yahoo.com.br,Aurea Place 2529,,China,865200570039,2024-01-07T10:07:58+00:00
24,Caddric,Allinson,caddric.allinson@hotmail.com,Guice Avenue 10691,77110,Thailand,662750210043,2024-05-17T19:42:52+00:00
25,Gavrielle,O'Dwyer,gavrielle.o'dwyer@hotmail.com,Sagecrest Court 4700,2435-585,Portugal,3516130100027,2024-05-03T22:02:41+00:00
26,Zeke,Nekrews,zeke.nekrews@yahoo.com,Five Forks Trail 2396,,Vietnam,840780660084,2024-01-04T03:16:06+00:00
27,Evelina,McInnery,evelina.mcinnery@gmail.com,Murrells Inlet Loop 7781,4625-253,Portugal,3517220230012,2024-07-09T04:11:27+00:00
28,Melba,Silcox,melba.silcox@hotmail.co.uk,Gonzales Place 7212,,China,860480810066,2024-04-18T04:34:30+00:00
29,Florance,Mullineux,florance.mullineux@yahoo.com,Lilly Lane 2262,,China,863790500022,2024-02-22T15:39:07+00:00
30,Dov,Aspel,dov.aspel@comcast.net,Aldrich Avenue 9927,,China,866800890075,2024-10-10T18:59:01+00:00
31,Konstance,Monument,konstance.monument@yahoo.com,Magana Place 9415,,China,869970890047,2024-06-21T05:59:31+00:00
32,Rog,Gibbieson,rog.gibbieson@home.nl,Nostalgia Terrace 6567,,China,863430160007,2024-08-25T12:11:23+00:00
33,Ebenezer,Timbs,ebenezer.timbs@hotmail.com,Seebald Street 12224,,Serbia,3810530620023,2024-11-05T19:33:03+00:00
34,Adrianne,Gallgher,adrianne.gallgher@comcast.net,Cutters Corner 4291,6541,Philippines,638380690084,2024-08-23T14:14:27+00:00
35,Jilly,Wurz,jilly.wurz@gmail.com,Pheasant Place 13763,,Belarus,3750080650009,2023-12-23T20:40:10+00:00
36,Kyle,Conochie,kyle.conochie@yahoo.com,Glenarden Path 9192,,Syria,9639760860015,2024-01-29T07:44:50+00:00
37,Vaughn,Govenlock,vaughn.govenlock@yahoo.com,Doris Court 9169,5470,Argentina,541100180004,2024-01-19T03:54:31+00:00
38,Chantal,Heady,chantal.heady@yahoo.com,11866 Stella Street,10705,United States,17960880095,2023-12-25T09:23:19+00:00
39,Terencio,Winfindale,terencio.winfindale@yahoo.com,Gibson Avenue 14830,33000,Croatia,3855690900096,2024-01-15T19:00:41+00:00
40,Steffi,Dibble,steffi.dibble@hotmail.com,Wisteria Street 11788,,China,861040010005,2024-06-19T16:42:32+00:00
41,Genny,Gebby,genny.gebby@yahoo.com,French Oak Avenue 1800,,China,861510240000,2024-09-20T06:51:35+00:00
42,Pierre,Slyme,pierre.slyme@hotmail.com,Kaylee Drive 3294,491-0014,Japan,815710080047,2024-02-06T17:22:37+00:00
43,Konstantin,Solesbury,konstantin.solesbury@hotmail.com,Cherry Creek Way 2878,,China,865360940002,2024-07-14T00:06:18+00:00
44,Almira,Cinderey,almira.cinderey@live.com,Vinewood Avenue 1862,,Indonesia,621720090096,2023-11-23T00:57:50+00:00
45,Nevin,Courtin,nevin.courtin@hotmail.com,Chaparral Drive 2739,612 80,Sweden,468300370031,2024-07-20T06:15:07+00:00
46,Udale,Lubeck,udale.lubeck@rocketmail.com,Suarez Court 9128,20180,Thailand,662770970085,2024-10-07T02:44:41+00:00
47,Carilyn,Ebbetts,carilyn.ebbetts@hotmail.com,Strong Street 12923,96610-000,Brazil,557260100069,2023-11-18T03:39:03+00:00
48,Margo,Satterthwaite,margo.satterthwaite@sfr.fr,Trenton Lane 3638,,Egypt,201570370048,2024-06-09T08:05:18+00:00
49,Lisetta,Godain,lisetta.godain@gmail.com,Guilliams Court 10125,,Indonesia,622020290022,2024-08-18T10:26:37+00:00
50,Philbert,Lowrie,philbert.lowrie@hotmail.com,Loyola Court 537,354392,Russia,78510460091,2024-09-14T18:52:10+00:00
51,Tiffy,Hawkswood,tiffy.hawkswood@gmail.com,Scott Street 10381,,Indonesia,628540080043,2024-10-29T03:53:23+00:00
52,Dulcie,Vale,dulcie.vale@aol.com,Lindsey Lane Court 13613,,China,868280170021,2024-03-03T02:55:58+00:00
53,Prescott,Vickery,prescott.vickery@yahoo.com,Ethanwood Avenue 336,29811,Finland,3581140580083,2024-02-15T23:01:11+00:00
54,Van,Block,van.block@hotmail.com,Varnville Way 8704,,Mauritania,2229300940023,2024-06-02T10:42:54+00:00
55,Reade,Coverdale,reade.coverdale@hotmail.com,11577 Bishopville Loop,85271,United States,15640280057,2024-07-12T08:46:46+00:00
56,Edythe,Skin,edythe.skin@yahoo.com,Junction Place 12698,,China,869050800066,2024-01-29T01:35:22+00:00
57,Tonya,Schall,tonya.schall@yahoo.com,Boyso Terrace 14516,3313,Philippines,636120520005,2024-05-09T01:14:52+00:00
58,Bernie,Ellin,bernie.ellin@yahoo.com,Gracie Lane 4679,4005,Guatemala,5027380650091,2024-10-05T07:33:28+00:00
59,Fifine,Camidge,fifine.camidge@hotmail.com,Brampton Street 3486,,Indonesia,620040850053,2024-10-11T05:39:57+00:00
60,Sissy,Canty,sissy.canty@yahoo.fr,Vicksburg Avenue 4017,194089,Colombia,578690100033,2024-06-02T22:42:18+00:00
61,Consuela,Isaacs,consuela.isaacs@rambler.ru,Chris Corley Loop 8422,345 25,Czech Republic,4209360290095,2024-04-15T12:19:51+00:00
62,Pierce,Dofty,pierce.dofty@yahoo.com,Pacolet Terrace 10058,T34,Ireland,3537460870091,2023-12-03T22:45:38+00:00
63,Vachel,Stukings,vachel.stukings@hotmail.com,Walnut Way 3283,4312,Philippines,639370570023,2024-03-16T10:52:51+00:00
64,Anet,Pallatina,anet.pallatina@hotmail.com,Benjamin Place 7422,59420-000,Brazil,557660650039,2024-05-15T20:02:36+00:00
65,Duane,O'Growgane,duane.o'growgane@comcast.net,Clarendon Court 13539,45473,Germany,490760120087,2024-04-16T11:15:57+00:00
66,Lari,Pontin,lari.pontin@gmail.com,Espana Street 13781,783 22,Czech Republic,4201120350062,2024-09-13T17:24:14+00:00
67,Luke,Knightsbridge,luke.knightsbridge@bol.com.br,Alysha Avenue 8442,,Greece,308100940046,2024-04-18T18:45:14+00:00
68,Veradis,Conrard,veradis.conrard@hotmail.com,Hillard Lane 6457,1440,Macedonia,3891070940048,2024-01-28T09:41:06+00:00
69,Bert,Justham,bert.justham@ig.com.br,Elderberry Place 984,,Cuba,533650150071,2024-03-18T23:09:56+00:00
70,Vida,Flowers,vida.flowers@gmail.com,Kingston Way 5225,,Uzbekistan,9983790280061,2024-06-14T13:11:33+00:00
71,Miof mela,Ambroix,miof mela.ambroix@gmail.com,Toby Terrace 7700,,Latvia,3713220760008,2024-10-25T02:02:23+00:00
72,Brodie,Campbell-Dunlop,brodie.campbell-dunlop@yahoo.com,Filone Lane 6496,21806 CEDEX,France,332740950095,2024-02-09T16:36:23+00:00
73,Robin,Gowans,robin.gowans@gmail.com,12654 Plank Street,30328,United States,13700250052,2024-07-22T05:40:52+00:00
74,Junie,Grishaev,junie.grishaev@gmail.com,Harleston Street 6591,19125,Italy,396990050025,2024-04-08T06:41:33+00:00
75,Fernandina,Fulstow,fernandina.fulstow@comcast.net,Newell Loop 3256,,China,865780750065,2024-09-27T05:59:22+00:00
76,Deerdre,Cornner,deerdre.cornner@hotmail.com,Prado Drive 5328,,China,867590070057,2024-03-16T23:17:04+00:00
77,Corie,Blasio,corie.blasio@yahoo.com,Mcdonough Place 8918,70630,Mexico,524200780036,2024-01-02T12:35:00+00:00
78,Killy,Osmant,killy.osmant@gmail.com,Grey Dove Lane 14349,97-510,Poland,485460180099,2024-05-05T13:37:02+00:00
79,Berke,Hartly,berke.hartly@gmx.de,Everett Place 3760,,China,864880100083,2024-05-08T07:59:49+00:00
80,Ruggiero,Krzyzowski,ruggiero.krzyzowski@yahoo.com,Vail Court 10462,,Indonesia,629670090030,2024-07-03T21:17:49+00:00
81,Gibb,Duncklee,gibb.duncklee@terra.com.br,Fish Camp Road 6161,,Samoa,6858850290070,2024-03-01T07:47:14+00:00
82,Merry,Braunroth,merry.braunroth@yahoo.com,Woods Way 13208,584 01,Czech Republic,4208520690001,2024-03-06T07:03:00+00:00
83,Guthrey,Comi,guthrey.comi@yahoo.com,Budny Avenue 5247,4610-535,Portugal,3511690310072,2024-05-24T02:45:42+00:00
84,Pete,Utterson,pete.utterson@yahoo.fr,Yoder Drive 2196,783 06,Czech Republic,4203860790004,2024-07-26T09:16:49+00:00
85,Jennilee,Presshaugh,jennilee.presshaugh@yahoo.com,Arnsworth Avenue 7279,,Peru,516340080016,2024-03-04T18:41:26+00:00
86,Wayne,Codling,wayne.codling@yahoo.com,Dutchess Loop 7392,13390-000,Brazil,557930340036,2023-11-29T18:33:18+00:00
87,Fay,Celier,fay.celier@hotmail.com,Cipriano Place 9710,3210,Norway,473620260034,2024-04-02T06:32:16+00:00
88,Ebonee,Gatlin,ebonee.gatlin@rediffmail.com,Auburndale Avenue 4605,,China,863090920011,2023-12-30T13:43:07+00:00
89,Coletta,McDoual,coletta.mcdoual@gmail.com,Ridley Terrace 4809,4426,Philippines,630860220058,2024-03-07T07:08:35+00:00
90,Burlie,Farrants,burlie.farrants@sbcglobal.net,Burns Drive 8039,94384 CEDEX,France,332750550030,2024-04-06T06:05:54+00:00
91,Minor,Downes,minor.downes@gmail.com,Oyster Place 10632,665236,Russia,71040540004,2024-06-09T20:06:22+00:00
92,Fremont,Rhead,fremont.rhead@aol.com,Prado Drive 4747,769-0228,Japan,816050850021,2023-11-29T21:41:18+00:00
93,Linc,Conrart,linc.conrart@yandex.ru,Pearl Cresent Court 813,,China,865210190005,2024-03-05T20:33:48+00:00
94,Gamaliel,Tuohy,gamaliel.tuohy@yahoo.com,Hickory Head Hammock 5915,26029 CEDEX,France,332750840069,2024-11-02T13:22:51+00:00
95,Naomi,Bleythin,naomi.bleythin@yahoo.com,Velvet Place 2075,2630,Argentina,543200320039,2024-06-07T00:39:21+00:00
96,Meade,Lanmeid,meade.lanmeid@hotmail.com,Overbrook Court 4850,,Indonesia,626340450009,2024-05-18T15:03:29+00:00
97,Aguste,Oehme,aguste.oehme@arcor.de,Landings Lane 6078,,Mauritania,2221870690029,2024-03-31T00:26:57+00:00
98,Adora,Element,adora.element@hotmail.com,Highland Place 8724,,Indonesia,627360980069,2024-10-27T08:47:50+00:00
99,Ashlen,Ligoe,ashlen.ligoe@hotmail.com,Viceroy Court 818,5196,Argentina,544850710071,2024-05-26T04:43:24+00:00
100,Addi,Eynald,addi.eynald@gmail.com,Marvelwood Loop 4532,14409 CEDEX,France,337850280013,2024-01-27T09:43:51+00:00
101,Pedro,Jackson,vickiegonzalez@maynard.com,609 Smith Ford,21109,United Kingdom,+1-311-400-7802x65787,2011-01-09T12:54:53
102,Ronald,Hernandez,deborahfitzpatrick@jackson.org,182 Robinson Parkway Suite 359,49996,Cyprus,(758)701-6968x9569,1980-11-16T09:35:27
103,Richard,Murphy,hayleyhernandez@hall.info,127 Lori Station Suite 834,98897,Seychelles,114.904.5670x31734,2014-12-22T04:28:40
104,Deborah,Ali,bellbernard@johnson.com,236 Fernandez Crossroad,27477,Ireland,(382)147-7878x94672,1972-07-27T12:35:56
105,Kimberly,Cunningham,rickybrown@gmail.com,50368 Molly Knoll Suite 623,45051,Nepal,001-782-101-9512x723,1973-07-29T14:50:03
106,Barbara,Johnson,mackcrystal@hotmail.com,9653 Wright Key,33418,Zimbabwe,813.522.7836x72488,1993-08-13T17:24:17
107,Ebony,Gonzales,tammyturner@gmail.com,6939 Rogers Square,21039,Congo,8159282185,2022-12-08T11:32:38
108,Sarah,Oliver,garymedina@barron-garcia.com,8490 Renee Ford Apt. 353,77517,Cape Verde,138.345.3955,1983-10-31T13:36:18
109,David,West,aray@johnson.net,0860 Mills Villages,44957,Cayman Islands,289.542.6586x86906,1972-09-27T03:52:38
110,Matthew,Smith,qhayes@hotmail.com,623 Anna Street Suite 237,30251,United Arab Emirates,425-473-8910x0983,1980-02-03T18:39:03
111,Sarah,Rogers,bcoffey@hotmail.com,557 Alicia Islands,20972,Turkey,934-890-5386x64976,2017-09-23T03:30:49
112,Timothy,Thompson,anthony90@hotmail.com,396 Young Cove Apt. 469,78040,Botswana,+1-771-605-4689x0756,2001-01-17T21:28:50
113,Isaac,Mccullough,amandasalas@hotmail.com,87425 Daniel Stream Suite 350,48621,Iran,+1-075-024-8179x3213,2018-04-21T23:02:29
114,Joseph,Scott,richardsmith@gmail.com,624 Daniel Ways,69978,Poland,571.900.5997x2443,2019-03-25T13:39:31
115,Christopher,Brown,psimpson@bailey.com,470 Weber Heights,82626,Congo,001-991-375-7899,1983-06-12T21:04:58
116,Angela,Peck,mary70@george.com,177 Branch Crossing,95890,Lebanon,899.666.7369x663,2000-01-07T21:28:51
117,Veronica,Fisher,ggilbert@juarez.com,852 Melvin Ways Suite 199,89664,Costa Rica,615-794-8681x7635,1985-03-27T06:33:57
118,George,Wade,justinjones@white-andrews.com,387 Harris Oval Apt. 131,10728,Saint Kitts and Nevis,132.327.3341,2014-10-02T16:33:37
119,Heather,Montoya,reederic@yahoo.com,06784 Megan Ville Suite 836,79443,Tokelau,509-078-3172x01768,1972-01-07T04:20:32
120,Kyle,Foley,tellison@jenkins.com,674 Cindy Meadows Apt. 492,87361,Niger,(112)621-1693x6926,2003-02-19T08:01:26
121,Jennifer,Harris,morenoscott@sullivan.com,93046 Alyssa Light Suite 821,39419,French Guiana,293-806-3994,1996-10-21T18:42:37
122,Pamela,Nolan,carrolljennifer@hotmail.com,229 Chambers Bridge Suite 249,42736,Seychelles,(580)313-9626x1278,2017-10-15T20:17:49
123,David,Church,nicholasward@mcguire-mahoney.com,074 Tanya Squares Suite 146,09447,Ireland,119-644-0004,1976-05-27T11:57:37
124,Karen,Sherman,mark97@dillon.biz,737 Carol Mill Suite 111,97285,Senegal,+1-019-197-3825x3399,2023-01-21T10:27:28
125,Ryan,Harris,wconley@kent.com,13297 Patricia Islands Suite 894,34660,Gambia,943-639-8358x70166,2004-07-07T15:46:04
126,Eric,Dudley,dmartin@chapman.com,8866 Andrew Walk Suite 812,17129,Armenia,(056)534-0865,1995-06-26T13:35:17
127,Gloria,Hudson,ybrown@morris-perry.com,18323 Rickey Flats Apt. 388,23731,Niger,448.704.2406,2015-03-05T09:29:07
128,John,Weaver,espinozajon@hotmail.com,424 Hardy Forge Apt. 470,38808,Niger,(767)957-7224x9147,1996-06-09T13:44:50
129,Paul,Lynn,michael60@yahoo.com,1921 Jacob Ports,91751,Hong Kong,974.271.6850,2024-11-07T09:07:59
130,Megan,Brown,cbenitez@suarez-brown.biz,971 James Mount Apt. 551,09862,Belize,(519)383-8629x26843,1980-09-02T23:38:54
131,Janet,Garza,sean03@conner.com,61640 Frank Freeway Suite 943,36755,Heard Island and McDonald Islands,378.761.3917,1988-08-12T21:45:46
132,Lucas,Huffman,lisa19@gmail.com,2393 Bruce Light,31925,Canada,+1-552-141-1826x29284,1975-08-10T01:08:59
133,Stephanie,Waller,angelasharp@marks.net,78575 Lori Mews Suite 087,93506,Luxembourg,(099)240-1573,2001-07-23T00:46:33
134,Amy,Griffith,chelsea14@yahoo.com,258 Wallace Wells Suite 047,41084,Saint Pierre and Miquelon,001-345-594-0790,2011-02-05T04:12:25
135,Michael,Prince,stefaniebrown@hotmail.com,1507 Mary Brooks Apt. 136,30404,Heard Island and McDonald Islands,001-639-447-2963x203,2014-11-16T19:52:20
136,Michael,Smith,omarlee@ellis-taylor.com,557 Teresa Squares,72539,Saudi Arabia,(016)337-4850x33631,1992-11-03T15:07:26
137,Melvin,Delgado,kimberlyjones@brown-clay.biz,162 Clark Springs,26780,Serbia,001-560-659-7283,1987-01-29T23:57:58
138,Karen,Smith,tinachen@thomas.com,753 Fisher Pines,17455,Senegal,2857809394,2021-08-01T13:51:40
139,Madison,Figueroa,wrobertson@yahoo.com,32579 Price Highway,81493,Palau,(681)007-1816x210,1975-04-07T03:38:27
140,Kristen,West,lbrown@gmail.com,6926 Martin Terrace Suite 839,11499,Niue,(145)911-1206x5593,2002-01-06T04:25:03
141,Stephanie,Williams,amandaharris@hughes.net,7086 Patrick Gateway,33877,Solomon Islands,410.780.6936x4083,2014-03-19T09:44:57
142,Benjamin,Meyer,kelly45@arias.biz,171 Clark Union Apt. 417,81763,Liechtenstein,(379)717-9561x40845,2023-10-16T14:25:48
143,Harold,Underwood,igomez@hotmail.com,4709 Kristen Expressway Apt. 652,08728,Grenada,117-162-6226,2023-09-02T08:31:29
144,Matthew,Hudson,moraleskathy@hotmail.com,242 Michelle Island,94115,Sao Tome and Principe,(225)333-3410x5994,1991-02-07T09:47:16
145,Donald,Williamson,thughes@gmail.com,4714 Glass Radial,67741,Saint Pierre and Miquelon,287.430.0376x243,1973-04-23T01:45:35
146,Douglas,Brown,parkerterry@yahoo.com,876 Davis Walks,16611,Luxembourg,649-267-2420x933,2011-06-08T12:11:33
147,Michael,Hudson,mariamoore@hill.com,585 William Stravenue,31334,Turks and Caicos Islands,451-748-9205,1988-07-08T21:08:33
148,Kristina,Mejia,madison97@yahoo.com,719 Ramirez Stream,97766,Bangladesh,+1-226-753-5019x212,1978-09-16T00:17:50
149,Michael,Thomas,betholson@johnson.org,868 Holly Divide,61333,Japan,961.691.6291x26286,1975-03-02T20:39:47
150,Taylor,Miller,boyerdustin@duran.com,979 Kenneth Camp Suite 422,69772,Palau,(329)398-4601x21655,1979-03-21T10:44:20
151,Omar,Moore,james01@taylor.com,8760 Valerie Fords,51236,Western Sahara,(695)506-7959x8619,1983-11-01T02:03:39
152,Jacob,Schultz,eduardoboyle@haynes.org,96171 Cole Place,24917,Ukraine,+1-339-031-6721x267,2018-06-30T07:25:53
153,Melissa,Pacheco,daltonjeremy@hotmail.com,353 Lee Lodge Suite 508,11177,Swaziland,662-787-8517,2015-06-01T09:43:31
154,Christopher,Walker,mary24@wilson-sullivan.net,79968 Ryan Orchard,76335,Pakistan,(220)819-7261,1975-02-24T21:03:31
155,Jonathan,Peck,williamstiffany@brown.org,628 Edwards Run Apt. 467,98608,New Caledonia,(247)044-7995,1980-02-15T06:13:04
156,Shawn,Glenn,reyesrichard@hotmail.com,2882 Justin River Apt. 523,70868,Angola,001-929-160-9295x9181,2010-02-24T01:22:03
157,William,Best,christinaswanson@gmail.com,194 Emily Hills Apt. 400,40749,Pitcairn Islands,121-513-0906,1986-09-16T21:30:11
158,Jennifer,Gardner,johntyler@gmail.com,9914 Julia Loop,07233,Saint Barthelemy,+1-796-925-3538x54117,2015-07-03T15:24:23
159,Tiffany,Lewis,leblanctammy@keith.com,797 Moore Mews,17195,Uruguay,911-857-9161x71409,2005-10-05T08:45:03
160,Hector,Wheeler,joharrison@hotmail.com,116 Aaron Forge,90469,United States Minor Outlying Islands,001-277-110-8315x9340,1982-12-13T09:48:25
161,Patrick,Craig,jeffrey43@yahoo.com,6517 Becker Turnpike Suite 475,32639,Japan,(623)962-6074x5106,1979-07-07T23:04:40
162,Ashley,Combs,benjamincampbell@arellano-king.com,31573 George Meadow,73579,Macao,063.576.4462x0098,1980-04-25T14:08:39
163,James,Campbell,jmitchell@dean.com,702 Ellis Route Apt. 233,79377,Argentina,1883942429,1977-03-29T12:45:14
164,Vanessa,Hernandez,johnlloyd@meyer.com,344 Abigail Village,88204,Macedonia,296.813.9548x1845,2013-09-16T23:34:45
165,Claudia,Salazar,igrant@rhodes-richmond.com,0602 Tina Views,34837,Guadeloupe,001-496-624-6825x4426,1991-02-23T14:21:36
166,Lisa,Ramirez,xmartinez@gmail.com,684 Martin Village Suite 432,74876,Algeria,+1-626-023-0966,1990-09-09T02:51:25
167,Jennifer,Smith,robertkelly@nichols.net,07233 Santos Knolls Apt. 242,74700,Kenya,+1-710-619-3948,1985-05-31T03:31:44
168,Janice,Silva,robinmccarthy@yahoo.com,079 Melvin Green,56049,Ghana,298-663-3586,2022-06-07T00:05:28
169,Ronald,Lopez,shannon83@reynolds.com,3803 Crystal Cliff Apt. 489,50626,Holy See (Vatican City State),001-798-366-6953x7518,1970-08-29T19:42:21
170,Jennifer,Sparks,allisonjenna@yahoo.com,3260 Nathaniel Walk,95832,Morocco,(596)711-5471x3750,1976-07-23T20:43:41
171,Norman,Stout,rdavis@gmail.com,8780 Garcia Lake Suite 585,94021,Niger,(656)550-5254,1975-08-17T00:00:16
172,Samantha,Dean,deanmelissa@wilson.net,80699 Anthony Roads,81904,Czech Republic,001-436-592-1192x89559,1993-10-24T23:15:49
173,Michelle,Barker,paul60@gmail.com,480 Michael Spurs,31267,Greece,968-224-9665,1973-05-20T12:12:55
174,Janet,Stone,ogarcia@walton.info,6217 Maria Path,57374,Morocco,(875)880-8196,2017-01-13T10:55:08
175,David,Murphy,amandajohnson@gmail.com,51570 Yoder Neck,98461,Afghanistan,936.685.2655,2007-11-26T10:26:30
176,Paul,Gibson,ryanburton@hotmail.com,023 Laura Freeway,16043,Saint Kitts and Nevis,001-836-579-1431x2482,2014-05-02T22:43:46
177,Anthony,Frazier,diaztoni@gmail.com,09718 Amanda Plaza,52349,Russian Federation,+1-528-762-4369x7801,1973-07-26T13:51:50
178,Aaron,Carroll,smcfarland@owens.com,49419 Amy Course,75101,Trinidad and Tobago,404.924.0410x33067,1972-01-05T18:03:16
179,Ashley,Johnson,pittmanmatthew@gmail.com,0990 Bowman Manors,32062,Isle of Man,+1-448-520-5127x87351,2003-10-28T19:57:00
180,Christopher,Evans,jonesmichael@hotmail.com,52824 Lisa Shores,32164,Antigua and Barbuda,251.276.8865,1998-11-14T12:59:39
181,Diane,Sanchez,douglas55@hotmail.com,346 Richardson Curve,04326,Comoros,6658081940,2003-09-19T20:47:50
182,Julie,Anderson,annette30@gmail.com,9801 Sarah Isle Suite 772,78109,Nigeria,074.818.5528,2001-05-17T00:55:45
183,Jennifer,Taylor,walkeraustin@mayo-horn.com,7680 Moore Oval Suite 205,48850,Malaysia,605.780.6675,2000-02-20T10:45:05
184,Ashley,Ellis,fpowell@branch.org,855 Haynes Summit Suite 035,18777,Colombia,(842)706-6794,2016-09-07T20:41:50
185,Jessica,Galvan,dennis02@hotmail.com,87273 Laura Spurs Apt. 562,23509,Northern Mariana Islands,+1-505-631-3528x2254,2001-08-16T06:53:08
186,Tonya,Maldonado,steven73@gmail.com,8451 Dorsey Fall Apt. 438,13320,Macao,420-290-9934,1999-03-15T23:51:42
