produit_id,nom_produit,marque,categorie,produit_prix_unitaire,stock,date_ajout
1,Vintage Denim Jacket,RetroWear,Outerwear,39,99,49,2023-12-15T23:08:10+00:00
2,Leather Chelsea Boots,BootsForAll,Footwear,18,99,90,2024-01-14T20:58:37+00:00
3,Casual Cargo Pants,StreetFits,Bottoms,29,99,223,2024-04-21T08:13:32+00:00
4,Casual Cargo Pants,StreetFits,Bottoms,299,99,205,2024-04-08T14:27:03+00:00
5,Casual Cargo Pants,StreetFits,Bottoms,14,99,202,2024-04-05T20:19:05+00:00
6,Floral Summer Dress,SunshineFashions,Dresses,22,99,126,2024-02-10T13:07:00+00:00
7,Casual Cargo Pants,StreetFits,Bottoms,59,99,230,2024-04-26T17:36:21+00:00
8,Embossed Leather Belt,BeltsOfHonor,Accessories,4,99,433,2024-09-22T10:08:23+00:00
9,Leather Chelsea Boots,BootsForAll,Footwear,29,99,76,2024-01-05T06:28:03+00:00
10,Athletic Running Shoes,FastTrack,Footwear,2,99,243,2024-05-06T08:29:03+00:00
11,Elegant Silk Scarf,SilkenStyle,Accessories,39,99,4,2023-11-12T21:41:08+00:00
12,Athletic Running Shoes,FastTrack,Footwear,1,29,243,2024-05-06T06:31:30+00:00
13,Casual Cargo Pants,StreetFits,Bottoms,99,99,223,2024-04-21T14:48:33+00:00
14,Elegant Silk Scarf,SilkenStyle,Accessories,39,99,2,2023-11-12T00:09:15+00:00
15,Vintage Denim Jacket,RetroWear,Outerwear,39,99,34,2023-12-05T01:24:47+00:00
16,Maxi Evening Gown,GlamourNights,Dresses,79,99,476,2024-10-23T19:25:04+00:00
17,Water-Resistant Watch,TimeKeepers,Accessories,2,99,285,2024-06-06T03:52:02+00:00
18,Maxi Evening Gown,GlamourNights,Dresses,3,99,471,2024-10-20T02:34:44+00:00
19,Floral Summer Dress,SunshineFashions,Dresses,24,99,123,2024-02-08T07:03:10+00:00
20,Feather Down Parka,WinterHaven,Outerwear,49,99,335,2024-07-12T19:37:55+00:00
21,Casual Cargo Pants,StreetFits,Bottoms,5,49,204,2024-04-07T07:58:09+00:00
22,Ribbed Knit Sweater,CozyKnits,Tops,5,99,408,2024-09-04T02:59:19+00:00
23,Patterned Silk Tie,TiedElegance,Accessories,12,99,328,2024-07-07T08:25:48+00:00
24,Floral Summer Dress,SunshineFashions,Dresses,19,99,127,2024-02-11T05:40:09+00:00
25,Floral Summer Dress,SunshineFashions,Dresses,89,99,114,2024-02-01T19:20:10+00:00
26,Maxi Evening Gown,GlamourNights,Dresses,89,99,487,2024-10-31T16:09:33+00:00
27,Woolen Beanie Hat,WarmHeads,Headwear,6,49,169,2024-03-12T16:03:37+00:00
28,Ribbed Knit Sweater,CozyKnits,Tops,19,99,426,2024-09-17T02:18:52+00:00
29,Woolen Beanie Hat,WarmHeads,Headwear,22,99,176,2024-03-18T04:29:44+00:00
30,Leather Chelsea Boots,BootsForAll,Footwear,6,29,90,2024-01-15T07:13:56+00:00
31,Patterned Silk Tie,TiedElegance,Accessories,8,99,321,2024-07-02T15:20:26+00:00
32,Embossed Leather Belt,BeltsOfHonor,Accessories,1,69,438,2024-09-25T23:33:04+00:00
33,Water-Resistant Watch,TimeKeepers,Accessories,4,49,275,2024-05-29T15:26:02+00:00
34,Embossed Leather Belt,BeltsOfHonor,Accessories,5,99,438,2024-09-25T19:33:22+00:00
35,Athletic Running Shoes,FastTrack,Footwear,69,99,259,2024-05-17T23:55:24+00:00
36,Maxi Evening Gown,GlamourNights,Dresses,12,99,482,2024-10-28T06:09:24+00:00
37,Floral Summer Dress,SunshineFashions,Dresses,24,99,117,2024-02-04T01:24:23+00:00
38,Vintage Denim Jacket,RetroWear,Outerwear,3,29,38,2023-12-07T22:25:49+00:00
39,Ribbed Knit Sweater,CozyKnits,Tops,4,49,407,2024-09-02T22:23:33+00:00
40,Maxi Evening Gown,GlamourNights,Dresses,19,99,471,2024-10-20T04:52:02+00:00
41,Floral Summer Dress,SunshineFashions,Dresses,39,99,123,2024-02-08T02:58:37+00:00
42,Leather Chelsea Boots,BootsForAll,Footwear,3,49,76,2024-01-05T02:37:48+00:00
43,Athletic Running Shoes,FastTrack,Footwear,4,99,261,2024-05-19T03:43:51+00:00
44,Embossed Leather Belt,BeltsOfHonor,Accessories,39,99,452,2024-10-05T20:23:12+00:00
45,Ribbed Knit Sweater,CozyKnits,Tops,5,49,428,2024-09-18T14:19:48+00:00
46,Woolen Beanie Hat,WarmHeads,Headwear,39,99,173,2024-03-16T05:11:59+00:00
47,Casual Cargo Pants,StreetFits,Bottoms,14,99,222,2024-04-20T19:13:12+00:00
48,Athletic Running Shoes,FastTrack,Footwear,39,99,249,2024-05-10T08:14:14+00:00
49,Casual Cargo Pants,StreetFits,Bottoms,35,99,211,2024-04-12T18:43:34+00:00
50,Woolen Beanie Hat,WarmHeads,Headwear,24,99,188,2024-03-26T16:32:21+00:00
51,Vintage Denim Jacket,RetroWear,Outerwear,3,69,50,2023-12-16T17:17:33+00:00
52,Maxi Evening Gown,GlamourNights,Dresses,7,99,485,2024-10-30T15:50:27+00:00
53,Maxi Evening Gown,GlamourNights,Dresses,3,49,484,2024-10-29T16:38:45+00:00
54,Floral Summer Dress,SunshineFashions,Dresses,3,49,125,2024-02-09T17:42:36+00:00
55,Feather Down Parka,WinterHaven,Outerwear,29,99,359,2024-07-30T06:14:20+00:00
56,Patterned Silk Tie,TiedElegance,Accessories,39,99,399,2024-08-28T08:58:36+00:00
57,Athletic Running Shoes,FastTrack,Footwear,99,99,310,2024-05-08T07:19:22+00:00
58,Linen Summer Shorts,BreezyAttire,Bottoms,79,99,246,2024-08-20T17:17:26+00:00
59,Casual Cargo Pants,StreetFits,Bottoms,4,99,389,2024-01-01T21:58:44+00:00
60,Leather Chelsea Boots,BootsForAll,Footwear,24,99,229,2023-11-15T20:30:56+00:00
61,Elegant Silk Scarf,SilkenStyle,Accessories,10,99,72,2024-11-02T02:35:33+00:00
62,Maxi Evening Gown,GlamourNights,Dresses,29,99,8,2024-07-02T08:20:41+00:00
63,Patterned Silk Tie,TiedElegance,Accessories,4,29,489,2024-04-22T06:53:49+00:00
64,Casual Cargo Pants,StreetFits,Bottoms,4,29,321,2024-05-26T14:15:18+00:00
65,Water-Resistant Watch,TimeKeepers,Accessories,2,99,224,2024-08-21T00:13:24+00:00
66,Leather Chelsea Boots,BootsForAll,Footwear,34,99,271,2024-05-18T03:32:30+00:00
67,Linen Summer Shorts,BreezyAttire,Bottoms,3,99,70,2024-10-19T17:03:28+00:00
68,Athletic Running Shoes,FastTrack,Footwear,3,29,389,2024-04-06T21:01:04+00:00
69,Maxi Evening Gown,GlamourNights,Dresses,4,99,259,2024-09-27T03:35:15+00:00
70,Casual Cargo Pants,StreetFits,Bottoms,19,99,470,2024-07-09T13:42:07+00:00
71,Embossed Leather Belt,BeltsOfHonor,Accessories,24,99,203,2024-10-01T10:23:33+00:00
72,Embossed Leather Belt,BeltsOfHonor,Accessories,6,49,440,2024-10-23T03:55:16+00:00
73,Floral Summer Dress,SunshineFashions,Dresses,3,99,331,2024-09-27T21:48:13+00:00
74,Maxi Evening Gown,GlamourNights,Dresses,24,99,446,2024-06-17T00:18:45+00:00
75,Embossed Leather Belt,BeltsOfHonor,Accessories,4,29,122,2024-02-19T15:05:11+00:00
76,Patterned Silk Tie,TiedElegance,Accessories,1,89,475,2024-09-07T09:21:27+00:00
77,Classic White Shirt,FormalWearCollection,Tops,79,99,441,2024-09-22T23:07:04+00:00
78,Ribbed Knit Sweater,CozyKnits,Tops,3,99,300,2024-03-09T18:45:44+00:00
79,Embossed Leather Belt,BeltsOfHonor,Accessories,6,29,138,2024-05-07T00:15:42+00:00
80,Athletic Running Shoes,FastTrack,Footwear,2,99,413,2024-08-23T12:11:56+00:00
81,Linen Summer Shorts,BreezyAttire,Bottoms,64,99,434,2024-08-13T23:23:45+00:00
82,Linen Summer Shorts,BreezyAttire,Bottoms,199,99,165,2024-11-01T04:20:00+00:00
83,Maxi Evening Gown,GlamourNights,Dresses,39,99,244,2023-12-22T20:29:40+00:00
84,Vintage Denim Jacket,RetroWear,Outerwear,39,99,392,2024-04-11T17:56:36+00:00
85,Casual Cargo Pants,StreetFits,Bottoms,24,99,379,2024-02-23T12:15:24+00:00
86,Classic White Shirt,FormalWearCollection,Tops,3,99,488,2024-10-23T00:47:52+00:00
87,Maxi Evening Gown,GlamourNights,Dresses,19,99,58,2024-09-23T13:57:15+00:00
88,Embossed Leather Belt,BeltsOfHonor,Accessories,39,99,210,2024-11-01T12:51:03+00:00
89,Casual Cargo Pants,StreetFits,Bottoms,12,99,144,2024-08-05T21:56:50+00:00
90,Maxi Evening Gown,GlamourNights,Dresses,3,59,475,2024-03-07T02:08:34+00:00
91,Linen Summer Shorts,BreezyAttire,Bottoms,199,99,435,2024-06-15T05:47:25+00:00
92,Classic White Shirt,FormalWearCollection,Tops,249,99,202,2024-10-12T01:13:15+00:00
93,Embossed Leather Belt,BeltsOfHonor,Accessories,10,99,488,2024-10-28T19:13:58+00:00
94,Maxi Evening Gown,GlamourNights,Dresses,27,99,368,2024-02-01T11:56:22+00:00
95,Floral Summer Dress,SunshineFashions,Dresses,2,49,161,2023-12-23T00:24:45+00:00
96,Vintage Denim Jacket,RetroWear,Outerwear,69,99,298,2024-03-28T18:29:18+00:00
97,Woolen Beanie Hat,WarmHeads,Headwear,1,99,460,2023-11-20T15:00:24+00:00
98,Elegant Silk Scarf,SilkenStyle,Accessories,24,99,483,2024-08-27T11:17:33+00:00
99,Floral Summer Dress,SunshineFashions,Dresses,3,49,114,2024-06-10T15:13:21+00:00
100,Water-Resistant Watch,TimeKeepers,Accessories,29,99,58,2024-01-20T23:06:11+00:00
